"","average20_doy","std20","average50_doy","std50","average80_doy","std80"
"1",166.1,7.78103106563934,194.1,10.1264230824336,228.9,8.91253798495879
